Tier,Annual PV Generation kWh,Self Consumption Ratio %,Self Sufficiency Ratio %,Grid Import kWh,Grid Export kWh,Payback Years,NPV EUR,Lifetime CO2 Savings tonnes,Peak Grid Reduction Proxy kWh/year
Tier 1,6104.166666666667,52.31143518518519,72.64523148148149,1194.950925925926,3065.784259259259,9.87111111111111,1961.3108796296297,17.31888888888889,819.7444444444444
Tier 2,6604.166666666667,51.038148148148146,75.78634259259259,1060.1300925925925,3430.963425925926,9.221018518518518,2855.743009259259,18.08736111111111,708.2777777777778
Tier 3,6250.0,51.931666666666665,73.51884259259259,1157.2074074074073,3173.874074074074,9.69902777777778,2216.9187500000003,17.534074074074073,643.2555555555556
